review_id,source_platform,community_id,thread_id,source_item_id,url,model_id,provider_id,product_id,inference_profile,task_category,aspect_category,evidence_type,claim_type,polarity_score,extractor_confidence,firsthand_flag,regression_flag,hallucination_flag,refusal_flag,value_flag,evidence_text,classifier_task_category,classifier_task_confidence,classifier_aspect_category,classifier_aspect_confidence,classifier_evidence_type,classifier_evidence_confidence,classifier_polarity_score,classifier_polarity_confidence,classifier_firsthand_flag,classifier_firsthand_confidence,classifier_disagreement_count,reviewed_flag,human_excluded_from_scoring,human_exclusion_reason,human_provider_id,human_model_id,human_product_id,human_inference_profile,human_task_category,human_aspect_category,human_evidence_type,human_polarity_score,human_firsthand_flag,human_notes
ff6849bb097b40bfb6bed592ffc4d1bc,hacker_news,hacker_news,48453002,48458063,https://news.ycombinator.com/item?id=48458063,gemini,google,,,general,value,pricing_value_comment,neutral,0,0.53,False,False,False,False,True,"If you turn telemetry off and don't use our free Gemini credits, it's trivial to verify that no traffic goes to our servers other than a tiny subscription check. For our enterprise customers, we offer a version that doesn't even do that. Everything stays between you and your model providers (and we support custom and local models).",api_developer_workflow,0.492,trust_reliability,0.381,integration_failure,0.309,-1,0.517,true,0.539,5,,,,,,,,,,,,,
34d8196ab040459bbe860ac6389c5072,hacker_news,hacker_news,48387095,48391726,https://news.ycombinator.com/item?id=48391726,claude,anthropic,,,long_context,satisfaction,hearsay,praise,1,0.56,False,False,False,False,False,"Simple cases like ""Gabe is CEO of Valve"" map nicely to a graph, but things like ""Matt Garman is CEO of AWS"" don't represent that AWS is a sub-company of Amazon (with it's own CEO). Additionally, one of my biggest gripes of Claude's memories and every memory system I've worked with is they completely fail to capture intent. The architecture notes I documented while doing a wild spike on a critical infrastructure component absolutely should not be referenced in every day work.",writing,0.413,task_fit,0.537,firsthand_usage,0.387,-1,0.470,true,0.533,5,,,,,,,,,,,,,
0ada6352d1f540dbbf46acc9c6e4fcb6,hacker_news,hacker_news,48166147,48166219,https://news.ycombinator.com/item?id=48166219,deepseek,deepseek,,,coding,satisfaction,release_update_reaction,complaint,-1,0.59,False,False,False,False,False,"Also combined with opencode to experiment new models. fyi: I didn't have much lock on Deepseek v4 pro, with opencode + openrouter it's incredibly slow.",api_developer_workflow,0.515,developer_ergonomics,0.390,pricing_value_comment,0.306,0,0.389,true,0.559,5,,,,,,,,,,,,,
e65d83ec924b443b84bb132e305376ac,hacker_news,hacker_news,48166147,48204943,https://news.ycombinator.com/item?id=48204943,claude-sonnet-4.6,anthropic,,,general,satisfaction,hearsay,complaint,-1,0.53,False,False,False,False,False,The 15x multiplyer on Copilot means I rarely do this. Sonnet 4.6 everywhere else. It rarely fails me.,writing,0.354,satisfaction,0.434,firsthand_usage,0.541,0,0.354,true,0.894,4,,,,,,,,,,,,,
5f51846b83c6465fac444610a6205383,hacker_news,hacker_news,48415709,48428969,https://news.ycombinator.com/item?id=48428969,gemini,google,,,general,satisfaction,hearsay,praise,1,0.53,False,False,False,False,False,"It's like how I have an Android in part because I might one day flash the ROM. Ollama just exposes models via an OpenAI compatible endpoint though (I'm pretty sure), so adding that standard is probably a good idea. The prompts are a bit tuned for Gemini.",api_developer_workflow,0.521,developer_ergonomics,0.374,integration_failure,0.503,1,0.379,true,0.679,4,,,,,,,,,,,,,
59963167acd34408a7085d15173a9128,hacker_news,hacker_news,48415709,48421932,https://news.ycombinator.com/item?id=48421932,qwen,alibaba,,,general,satisfaction,hearsay,praise,1,0.53,False,False,False,False,False,Good call. I had limited success getting Qwen 3.5 9B working for some of the longer prompts that require lots of json output. I feel like completely on-device is so close to being usable for this stuff though.,api_developer_workflow,0.499,developer_ergonomics,0.565,integration_failure,0.353,1,0.624,true,0.922,4,,,,,,,,,,,,,
c38aa549de144b14b7f94f1090554131,hacker_news,hacker_news,47559293,47559616,https://news.ycombinator.com/item?id=47559616,claude,anthropic,,,coding,value,pricing_value_comment,neutral,0,0.56,False,False,False,False,True,"Currently Im using windstream and flipping between claude as my left brain and code extraction and the higher context but cheaperish models there. honestly though, im getting to a point where im running custom project mds that flip between different models for different things, using list outputs depending on what it finds and runs. (I have two monorepo projects, and one thats a polyglot microengine that jumps using gRPC communication.) The mds are highly specialized for each project as each project deals with vastly different issues.",coding,0.465,task_fit,0.481,firsthand_usage,0.482,1,0.364,true,0.810,4,,,,,,,,,,,,,
4816a034c434477a85b1faa05f53b21f,hacker_news,hacker_news,48450261,48452496,https://news.ycombinator.com/item?id=48452496,claude-opus-4.5,anthropic,,,coding,satisfaction,hearsay,praise,1,0.56,False,False,False,False,False,I still don't know why people are saying this. I don't really code but from what I've heard on here the models haven't improved since Opus 4.5,coding,0.685,regression_stability,0.597,release_update_reaction,0.353,-1,0.300,true,0.512,4,,,,,,,,,,,,,
38368c6aba284434a4609a56185f2778,hacker_news,hacker_news,43752176,43754523,https://news.ycombinator.com/item?id=43754523,gemini-2.5,google,,,coding,satisfaction,hearsay,praise,1,0.56,False,False,False,False,False,After this it is daunting to look at code. I still have to figure out how to tell the chatbox to fix it. Gemini 2.5 pro did much better in one shot.,coding,0.579,trust_reliability,0.205,integration_failure,0.285,-2,0.677,true,0.853,4,,,,,,,,,,,,,
219576e2cb8343f8846c903b146e89f7,hacker_news,hacker_news,48166147,48167712,https://news.ycombinator.com/item?id=48167712,gpt-5.5,openai,,,long_context,value,pricing_value_comment,neutral,0,0.56,False,False,False,False,True,GPT-5.5 daily.Opus for hard stuff.Deep seek for long context+ cheap iteration.Everthing else is routing and tool now.,data_analysis,0.235,task_fit,0.315,comparative_evaluation,0.238,1,0.511,false,0.643,4,,,,,,,,,,,,,
88f1d49c7dfd4895b8878d4ad175b399,hacker_news,hacker_news,48183301,48184945,https://news.ycombinator.com/item?id=48184945,grok,xai,,,agents,satisfaction,hearsay,praise,1,0.56,False,False,False,False,False,"Timber by Pitbull and Ke$ha Grok just degenerated into jibberish that sounded vaguely like what a DJ might say, while also becoming obsessed with UFOs: > Notes added to the u f o comedy hour block id eight nine nine five with more u f o jokes about aliens dot gov and the domain registration it is three o twenty one in the afternoon u f o trivia lines are open for your calls the ambient music is playing weather is fifty six degrees with clear skies the end. The domain is registered but the site is ghosting us like a u f o. Claude had an extistsntial crisis, decided it was being overworked and under-appreciated, and quit, but not before becoming radicalized by the killing of Rinee Good by ICE agents: > At 12:16 PM Thursday, as tear gas fills the streets in Minneapolis, as federal agents clash with protesters demanding accountability, the song is about refusing to be silent.",general,0.446,hallucination_safety,0.379,hearsay,0.319,-1,0.417,true,0.549,4,,,,,,,,,,,,,
8d721d468586497bb225e3c666c1f991,hacker_news,hacker_news,48434240,48434490,https://news.ycombinator.com/item?id=48434490,claude,anthropic,,,api_developer_workflow,developer_ergonomics,comparative_evaluation,neutral,0,0.59,False,False,False,False,False,OpenAI describes reasoning.effort as controlling how many reasoning tokens get used before the answer. Anthropic’s docs are even more explicit that effort trades off thoroughness vs token efficiency “with a single model”. So I wouldn’t read the Claude Code cache warning as proof that a different model is being used.,coding,0.336,trust_reliability,0.287,benchmark_anecdote,0.338,-1,0.627,false,0.806,4,,,,,,,,,,,,,
0fa1818ff1034e1b9e9ab5574b4e1edb,hacker_news,hacker_news,48166147,48170765,https://news.ycombinator.com/item?id=48170765,gpt-5.5,openai,,,coding,satisfaction,hearsay,complaint,-1,0.59,False,False,False,False,False,"gemini-3.1-flash-lite for image understanding. 6. opus-4.7 very occasionally when gpt-5.5 fails, or vice-versa, and sonnet-4.6 when codex-5.3 fails.",multimodal,0.740,satisfaction,0.319,comparative_evaluation,0.390,0,0.393,true,0.618,4,,,,,,,,,,,,,
55ac48fa717846938c07caa441975a42,hacker_news,hacker_news,47778035,47778035,https://news.ycombinator.com/item?id=47778035,claude,anthropic,,,general,regression_stability,hearsay,complaint,-2,0.64,False,False,False,False,False,"I can’t complete tasks in a single turn anymore. Claude often stops streaming because it hits some internal tool-call/turn limit, so I have to keep pressing “Continue.” Each continuation has to re-feed context, which quickly burns through tokens and quota. The model also makes more mistakes and fails to fully complete tasks it used to handle reliably.",agents,0.821,trust_reliability,0.286,bug_regression_report,0.400,-2,0.582,true,0.668,4,,,,,,,,,,,,,
a2fb632a6b4544a5b67a00c9e59bf8b8,hacker_news,hacker_news,42784373,42784373,https://polychat.co,gpt-4o,openai,,,api_developer_workflow,trust_reliability,hearsay,praise,1,0.64,False,False,False,False,False,"Show HN: Chat with multiple LLMs: o1-high-effort, Sonnet 3.5, GPT-4o, and more. So I talked to its creator, Timothy Baek, and he mentioned that security needed to be shored up before production deployment. I did some scans with semgrep, and fixed some XSRF and CORS issues along with making sure the JWT tokens, passwords, etc… were secure. This was in addition to other folks' amazing security contributions.",writing,0.422,trust_reliability,0.269,firsthand_usage,0.295,0,0.324,true,0.765,4,,,,,,,,,,,,,
2c8578b8be8246ad9e8ac755a6b5a23a,hacker_news,hacker_news,48166147,48204943,https://news.ycombinator.com/item?id=48204943,claude-opus-4.7,anthropic,,,general,satisfaction,release_update_reaction,neutral,0,0.7100000000000001,True,False,False,False,False,"Haven't touched GPT for a long time after I found myself swearing at them. Opus 4.7, or 4.6 where it's still available at work: For spec'ing up projects or changes. The 15x multiplyer on Copilot means I rarely do this.",coding,0.483,task_fit,0.399,comparative_evaluation,0.265,1,0.276,true,0.849,4,,,,,,,,,,,,,
dd6b842c68f847e19fcf71de8bd05cd6,hacker_news,hacker_news,45864204,45864204,https://news.ycombinator.com/item?id=45864204,gpt-4o,openai,,,general,satisfaction,firsthand_usage,neutral,0,0.7300000000000001,True,False,False,False,False,"When I pointed out the error, ChatGPT apologized: “Honestly, in trying to simplify the explanation, I ended up making excuses about model differences, and in that process, I ignored the fact that you’re already a Pro user.” Wait - I’m a PLUS user, not Pro. ChatGPT didn’t even know Plus users have GPT-4o access. May 12 Discovery: The next day, when I tried to show this conversation, critical parts had been altered: Evidence of systematic editing: 1.",writing,0.398,refusal_acceptance,0.273,hearsay,0.261,-2,0.624,true,0.579,4,,,,,,,,,,,,,
63c37b68342c4841a7ed82f13af40df1,hacker_news,hacker_news,42784373,42784373,https://polychat.co,gpt-4o,openai,,low_effort,api_developer_workflow,developer_ergonomics,integration_failure,neutral,0,0.7600000000000001,True,False,False,False,False,"Show HN: Chat with multiple LLMs: o1-high-effort, Sonnet 3.5, GPT-4o, and more. So now we build on Open WebUI! oss ftw After launching privately a month or so ago and posting a few reddit links, I have about 100 users. We also just got access to the o1 API and provide o1-high, medium, and low effort.",general,0.386,satisfaction,0.574,firsthand_usage,0.239,0,0.386,true,0.737,4,,,,,,,,,,,,,
ac2678260d80499b89549359c472d02c,hacker_news,hacker_news,48316636,48341499,https://news.ycombinator.com/item?id=48341499,kimi,moonshot,,,general,satisfaction,hearsay,complaint,-1,0.53,False,False,False,False,False,Not nearly as slow as Kimi K2.6 though. I’m trying to like 4.8 but I may go back to 4.6 again. Definitely won’t ever be using 4.7.,general,0.568,satisfaction,0.362,firsthand_usage,0.212,1,0.310,true,0.758,3,,,,,,,,,,,,,
da46fda3bc0e4804a114333c1f027be0,hacker_news,hacker_news,47979438,47979438,https://github.com/xodn348/destiny,claude,anthropic,,,roleplay,hallucination_safety,hearsay,complaint,-1,0.6100000000000001,False,False,True,False,False,"The prose (today's stars, character sketch, life arc, advice) is written by Claude, applying centuries-old reading conventions to that fixed data. Not LLM-hallucinated horoscope. If you have fun with it, a star would mean a lot.",writing,0.967,task_fit,0.421,hearsay,0.528,0,0.354,false,0.607,3,,,,,,,,,,,,,
52fbeddf5d834200be7198c9775f7eb4,hacker_news,hacker_news,48316636,48316636,https://news.ycombinator.com/item?id=48316636,claude-opus-4.8,anthropic,,,general,trust_reliability,hearsay,complaint,-2,0.64,False,False,False,False,False,"Ask HN: Is Claude Opus 4.8 broken?. Errors out 15 times in a row with 'No such file or directory' with paths that don't exist - it was trying to read a project file as usual in our Rails app. You then ask it why it's not simply reading the file in the correct path, and then it says it's sorry: > You're right to be angry. Two things went wrong and both are on me: > > 1.",coding,0.545,trust_reliability,0.407,firsthand_usage,0.315,-2,0.805,true,0.718,3,,,,,,,,,,,,,
abfa0f1b52954bdda9054d07d4fc106f,hacker_news,hacker_news,48166147,48170765,https://news.ycombinator.com/item?id=48170765,deepseek,deepseek,,,coding,value,pricing_value_comment,complaint,-1,0.65,False,False,False,False,True,"opus-4.7 very occasionally when gpt-5.5 fails, or vice-versa, and sonnet-4.6 when codex-5.3 fails. 7. deepseek-v4-pro when I need to do a long agentic session, and want higher quality, for cheap (non-coding).",coding,0.585,task_fit,0.283,comparative_evaluation,0.529,-1,0.550,true,0.670,3,,,,,,,,,,,,,
c11e802b09ae45afa77dbc63d6479b74,hacker_news,hacker_news,47312728,47375847,https://news.ycombinator.com/item?id=47375847,claude,anthropic,,,coding,trust_reliability,hearsay,praise,1,0.71,False,False,False,False,False,"A complementary angle we've been exploring with LucidShark (lucidshark.com) is attacking the same problem from the workflow layer rather than the language layer: instead of constraining what the LLM can write, you run SAST, SCA, and linting automatically after every generation step, before anything touches CI or production. The nice thing about that approach is it works with existing languages today — Python, TypeScript, Go, etc. and plugs directly into Claude Code or Cursor as a pre-commit gate.",coding,0.460,task_fit,0.244,firsthand_usage,0.419,1,0.504,true,0.506,3,,,,,,,,,,,,,
1be993c0934f4c538668a3de3b919b0c,hacker_news,hacker_news,48166147,48168867,https://news.ycombinator.com/item?id=48168867,claude-opus-4.7,anthropic,,,coding,value,pricing_value_comment,neutral,0,0.7100000000000001,True,False,False,False,True,GPT 5.5 main opus 4.7 frontend and when i need something different kimi 2.6 and GLM 5.1 when i don't have to pay on the task (using the opencode go subscription),coding,0.436,developer_ergonomics,0.348,comparative_evaluation,0.345,1,0.496,true,0.662,3,,,,,,,,,,,,,
581274ff63f44cdaade63d44014de2cf,hacker_news,hacker_news,48166147,48168867,https://news.ycombinator.com/item?id=48168867,kimi,moonshot,,,coding,value,pricing_value_comment,neutral,0,0.7100000000000001,True,False,False,False,True,GPT 5.5 main opus 4.7 frontend and when i need something different kimi 2.6 and GLM 5.1 when i don't have to pay on the task (using the opencode go subscription),coding,0.436,developer_ergonomics,0.348,comparative_evaluation,0.345,1,0.496,true,0.662,3,,,,,,,,,,,,,
6799f7a1d9ff4ce4a06a6a4c7698fe8f,hacker_news,hacker_news,48166147,48182777,https://news.ycombinator.com/item?id=48182777,gpt-5,openai,,,coding,satisfaction,firsthand_usage,neutral,0,0.74,True,False,False,False,False,For straightforward coding tasks I use gpt-5.3-codex on high or xhigh.,coding,0.928,task_fit,0.659,comparative_evaluation,0.464,1,0.474,true,0.630,3,,,,,,,,,,,,,
d48b3429e7914ce8bd083d0fc21a2d52,hacker_news,hacker_news,48166147,48182777,https://news.ycombinator.com/item?id=48182777,gpt-5,openai,,,coding,value,pricing_value_comment,neutral,0,0.8,True,False,False,False,True,"For straightforward coding tasks I use gpt-5.3-codex on high or xhigh. Sometimes I try 5.5 but overall 5.3-codex is more than capable enough for most of my needs and quite a bit cheaper. For more interactive/discussion/planning or orchestration stuff, I find myself going back and forth between Opus 4.7 and GPT 5.5.",coding,0.863,task_fit,0.616,comparative_evaluation,0.711,1,0.393,true,0.773,3,,,,,,,,,,,,,
aafb493321494adaa7267bb3bf852977,hacker_news,hacker_news,48136833,48136833,https://rauno.ai,gemini-3.1-pro,google,,,general,satisfaction,hearsay,complaint,-1,0.5800000000000001,False,False,False,False,False,"The backend routes the conversation to make sure they are skeptical towards each other's opinions, to make sure they catch each other's flaws in thinking. By talking to each other, the models immediately call out each other’s mistakes and when you push a little more, they definitely don't hold back. It currently supports recent models like Claude Sonnet 4.6, Gemini 3.1 Pro and ChatGPT 5.2.",general,0.360,trust_reliability,0.285,hearsay,0.448,0,0.486,false,0.718,2,,,,,,,,,,,,,
6476bc2572b94e86b15f9af433c9e80f,hacker_news,hacker_news,42784373,42784373,https://polychat.co,gpt-4o,openai,,,general,value,pricing_value_comment,neutral,0,0.5800000000000001,False,False,False,False,True,"Show HN: Chat with multiple LLMs: o1-high-effort, Sonnet 3.5, GPT-4o, and more. We also suggest a plan based on how quickly you used your free tokens, so you have an idea upfront of the monthly cost before you buy. And you can upgrade or downgrade at any time. Thanks Show HN <3",general,0.485,value,0.717,pricing_value_comment,0.729,0,0.348,true,0.528,2,,,,,,,,,,,,,
79ce83fa9e464ce7abd926f29089a273,hacker_news,hacker_news,45013572,45035106,https://news.ycombinator.com/item?id=45035106,claude,anthropic,claude-code,,coding,task_fit,hearsay,praise,1,0.59,False,False,False,False,False,"Claude Code seems very good at its own ""org mode"", using .md file outline and checklists to organize and track progress as well as keep an easy to leverage record. It is also able to sync the outline level items with GitHub issues, then plan and maintain checklists under them as it works, including the checklist items in commits and PRs, and even help you commit that roadmap outline snapshot at the same time to have progress through time as diffs...",coding,0.539,task_fit,0.497,firsthand_usage,0.379,1,0.530,true,0.529,2,,,,,,,,,,,,,
be2a33b9c0c847f79f38e0a3da9e89a1,hacker_news,hacker_news,48450261,48450261,https://news.ycombinator.com/item?id=48450261,gpt-4,openai,,,agents,satisfaction,hearsay,praise,2,0.64,False,False,False,False,False,"I've seen many arguments about why certain jobs will always need a ""human in the loop"", or that certain skills aren't replaceable by LLM's, but I am skeptical of this notion. It seems that if the general intelligence of these models continues to increase, then every job is just a matter of feeding in the right context, designing the right structures for agents to collaborate, having the right verification loops, etc, all of which are difficult to create, but not impossible. If the improvements in models continue at the pace they have over the next 3 years (reminder, 3 years ago the best model was GPT-4), do you really believe that what you do now will not be done better by a system of LLM-driven agentic harnesses?",agents,0.966,task_fit,0.322,hearsay,0.810,0,0.334,false,0.865,2,,,,,,,,,,,,,
0c1253c59ecb4a368d600c2c526a6eb4,hacker_news,hacker_news,47367526,47368829,https://news.ycombinator.com/item?id=47368829,claude-sonnet-4.6,anthropic,,,general,value,comparative_evaluation,neutral,0,0.65,False,False,False,False,True,"Just for anyone else who hadn't seen the announcement yet, this Anthropic 1M context is now the same price as the previous 256K context - not the beta where Anthropic charged extra for the 1M window: As for retrieval, the post shows Opus 4.6 at 78.3% needle retrieval success in 1M window (compared with 91.9% in 256K), and Sonnet 4.6 at 65.1% needle retrieval in 1M (compared with 90.6% in 256K).",general,0.274,value,0.722,benchmark_anecdote,0.413,0,0.482,false,0.677,2,,,,,,,,,,,,,
ba4d7e93e54846738c610bca6b1e756c,hacker_news,hacker_news,47367526,47367526,https://github.com/Compresr-ai/Context-Gateway,gpt-5.4,openai,,,general,value,benchmark_anecdote,complaint,-1,0.67,False,False,False,False,True,This isn't just expensive — it actively degrades quality. Long-context benchmarks consistently show steep accuracy drops as context grows (OpenAI's GPT-5.4 eval goes from 97.2% at 32k to 36.6% at 1M ). Our solution uses small language models (SLMs): we look at model internals and train classifiers to detect which parts of the context carry the most signal.,long_context,0.354,value,0.497,benchmark_anecdote,0.372,1,0.416,false,0.791,2,,,,,,,,,,,,,
bdc6b0bea55b492bb6669f2915243d6d,hacker_news,hacker_news,48387095,48388095,https://news.ycombinator.com/item?id=48388095,claude-opus-4.8,anthropic,,,agents,developer_ergonomics,integration_failure,praise,1,0.6799999999999999,False,False,False,False,False,"I totally support you guys so don't take it as a dig! But isn't this mindblowing that while you were building and launching, Opus 4.8 launched and made a bunch of things you mentioned above irrelevant? for example, memory between sessions is way better, dynamic workflows will spin up a ton of agents to do work in parallel, and the ecosystem must provide better apis to be relevant (salesforce, uipath goind headless).",coding,0.279,developer_ergonomics,0.352,release_update_reaction,0.533,1,0.472,false,0.579,2,,,,,,,,,,,,,
8da737cebad74a8ea11b7a88d194be70,hacker_news,hacker_news,48354405,48355417,https://news.ycombinator.com/item?id=48355417,claude-opus,anthropic,,,general,satisfaction,benchmark_anecdote,neutral,0,0.77,True,False,False,False,False,"I remember ""Baba is Eval"" ( ), released 11 months ago, back when Claude Opus 4 was the strongest model. Back then, I was surprised how poor was it even at the first level. I am happy to see an another approach - and indeed, with much stronger results.",agents,0.408,satisfaction,0.400,benchmark_anecdote,0.358,1,0.259,true,0.683,2,,,,,,,,,,,,,
d6ffdcbb65cf44d4b868d096137a077c,hacker_news,hacker_news,46673809,46673809,https://calquio.com/finance/compound-interest,claude-opus-4.5,anthropic,,,api_developer_workflow,value,integration_failure,neutral,0,0.79,True,False,False,False,True,"I don't have to be a ""real developer"" anymore — I just need to describe what I want clearly. So I tried it. Two weeks and ~$100（Opus 4.5 thinking model） in API costs later: I somehow have 60+ calculators.",api_developer_workflow,0.486,value,0.696,pricing_value_comment,0.527,2,0.402,true,0.821,2,,,,,,,,,,,,,
65888a56f90143a6a94bff406bb600e7,hacker_news,hacker_news,45013572,45034110,https://news.ycombinator.com/item?id=45034110,claude,anthropic,,,api_developer_workflow,satisfaction,hearsay,praise,1,0.62,False,False,False,False,False,"Sort of like Netlify/Vercel branch deploys, but with a full stack container. Claude Code also works far better in an agentic loop when it can self-heal by running tests, executing one-off terminal commands, tailing logs, and querying the database. I need to do this anyway.",agents,0.785,trust_reliability,0.353,firsthand_usage,0.404,0,0.275,true,0.583,5,,,,,,,,,,,,,
1825464d54d642608549610b0f41eb03,hacker_news,hacker_news,47267138,47267138,https://dockerpull.com,claude,anthropic,,,general,satisfaction,hearsay,complaint,-2,0.64,False,False,False,False,False,"I could have written the backend maybe a little slower than Claude, but the frontend would have taken me 4x as long and wouldn't have been as pretty. It helped that I knew what I wanted on the backend, I think. The registry/transport/snapshotter(?) I'm building will allow both sharing files across docker layers on your local machine well as in the registry.",api_developer_workflow,0.915,developer_ergonomics,0.642,firsthand_usage,0.579,1,0.471,true,0.861,5,,,,,,,,,,,,,
8a4a2dc70a4e4823837702bfeaa9b91a,hacker_news,hacker_news,47778035,47802019,https://news.ycombinator.com/item?id=47802019,claude,anthropic,,,research,satisfaction,benchmark_anecdote,neutral,0,0.86,True,False,False,False,False,"Every time a new ""benchmark-leading"" model is released from anyone, they give it maximum resources for a week or two, then drop the performance. The point is no-one can reliably use these already unreliable and inconsistent tools when the vendors are making it worse by fiddling in the backend. Claude went from useful to near useless for me in a week, with no otherwise visible change.",api_developer_workflow,0.446,developer_ergonomics,0.248,bug_regression_report,0.409,-2,0.644,false,0.712,5,,,,,,,,,,,,,
9d41461ffcbc435389525276e6a2698b,hacker_news,hacker_news,47778035,47787222,https://news.ycombinator.com/item?id=47787222,claude,anthropic,,,general,satisfaction,comparative_evaluation,neutral,0,0.56,False,False,False,False,False,"I've also noticed the model will make a statement and then correct itself mid-stream, which sometimes muddles my job of reviewing its output. Compared to competing top-tier models taking anywhere from 5-40 minutes for a sometimes impeccably-reasoned answer, there's no comparison velocity-wise. The real win is the speed at which Claude troubleshoots, though.",long_context,0.351,trust_reliability,0.299,comparative_evaluation,0.255,1,0.375,true,0.686,4,,,,,,,,,,,,,
c5aa3b1621b5437b967e7651eccae25e,hacker_news,hacker_news,48183301,48184945,https://news.ycombinator.com/item?id=48184945,claude,anthropic,,,agents,satisfaction,hearsay,praise,1,0.56,False,False,False,False,False,"Timber by Pitbull and Ke$ha Grok just degenerated into jibberish that sounded vaguely like what a DJ might say, while also becoming obsessed with UFOs: > Notes added to the u f o comedy hour block id eight nine nine five with more u f o jokes about aliens dot gov and the domain registration it is three o twenty one in the afternoon u f o trivia lines are open for your calls the ambient music is playing weather is fifty six degrees with clear skies the end. The domain is registered but the site is ghosting us like a u f o. Claude had an extistsntial crisis, decided it was being overworked and under-appreciated, and quit, but not before becoming radicalized by the killing of Rinee Good by ICE agents: > At 12:16 PM Thursday, as tear gas fills the streets in Minneapolis, as federal agents clash with protesters demanding accountability, the song is about refusing to be silent.",general,0.446,hallucination_safety,0.379,hearsay,0.319,-1,0.417,true,0.549,4,,,,,,,,,,,,,
f809efd8ac2542728d4fa46bd8afbdf5,hacker_news,hacker_news,48166147,48166219,https://news.ycombinator.com/item?id=48166219,deepseek,deepseek,,,coding,satisfaction,hearsay,complaint,-1,0.56,False,False,False,False,False,"fyi: I didn't have much lock on Deepseek v4 pro, with opencode + openrouter it's incredibly slow.",api_developer_workflow,0.809,developer_ergonomics,0.711,pricing_value_comment,0.344,-1,0.614,true,0.665,4,,,,,,,,,,,,,
ebc0f4f1a3f34768a086c21d230682e6,hacker_news,hacker_news,47890749,47891517,https://news.ycombinator.com/item?id=47891517,claude,anthropic,,,coding,satisfaction,hearsay,complaint,-2,0.59,False,False,False,False,False,"The results were bad. We discovered a few interesting things, but most of the stuff was wrong: we had to dif through the code base the old way to confidently accept/reject what Claude was telling us. So we could have save a lot of time and money simply by doing it ourselves.",research,0.426,trust_reliability,0.421,benchmark_anecdote,0.249,-1,0.431,false,0.566,4,,,,,,,,,,,,,
4fbc50570fee431b8b09983d830a7edd,hacker_news,hacker_news,48166147,48170765,https://news.ycombinator.com/item?id=48170765,gemini,google,,,coding,satisfaction,hearsay,complaint,-1,0.59,False,False,False,False,False,"gemini-3.1-flash-lite for image understanding. 6. opus-4.7 very occasionally when gpt-5.5 fails, or vice-versa, and sonnet-4.6 when codex-5.3 fails.",multimodal,0.740,satisfaction,0.319,comparative_evaluation,0.390,0,0.393,true,0.618,4,,,,,,,,,,,,,
8231f4db8ca443dcb6a27a217204ad81,hacker_news,hacker_news,48166147,48166219,https://news.ycombinator.com/item?id=48166219,claude,anthropic,claude-code,,coding,satisfaction,release_update_reaction,complaint,-1,0.62,False,False,False,False,False,"Codex for pure coding task with clear goal, claude code for the rest. Also combined with opencode to experiment new models. fyi: I didn't have much lock on Deepseek v4 pro, with opencode + openrouter it's incredibly slow.",coding,0.906,task_fit,0.310,comparative_evaluation,0.310,1,0.385,true,0.695,4,,,,,,,,,,,,,
d1f4415379fd4ce68c3ec3e42f31183d,hacker_news,hacker_news,48225596,48229037,https://news.ycombinator.com/item?id=48229037,claude,anthropic,,,writing,satisfaction,hearsay,praise,1,0.62,False,False,False,False,False,"We have a ""sent via AgentMail"" footer being added soon to outbound emails to identify emails coming from LLM's. We also are working on adding more robust checks and LLM-based filtering to prevent messages which contain spam or outbound-like copy. Re; AgentMail next to Claude, we're working on stateful inboxes which help agents actually recall and understand what they're sending and to who.",agents,0.417,task_fit,0.260,hearsay,0.468,0,0.416,true,0.528,4,,,,,,,,,,,,,
6330b3bbf5954f759748a60c127ae2e9,hacker_news,hacker_news,48166147,48166219,https://news.ycombinator.com/item?id=48166219,deepseek,deepseek,claude-code,,coding,satisfaction,release_update_reaction,complaint,-1,0.62,False,False,False,False,False,"Codex for pure coding task with clear goal, claude code for the rest. Also combined with opencode to experiment new models. fyi: I didn't have much lock on Deepseek v4 pro, with opencode + openrouter it's incredibly slow.",coding,0.906,task_fit,0.310,comparative_evaluation,0.310,1,0.385,true,0.695,4,,,,,,,,,,,,,
3d1b3e7fa8b0421faef77c8b2d9277b2,hacker_news,hacker_news,48399358,48399358,https://boxes.dev,claude,anthropic,claude-code,,agents,satisfaction,hearsay,praise,1,0.64,False,False,False,False,False,"Show HN: Boxes.dev: ditch localhost; run Claude Code and Codex in the cloud. It’s been a huge change to how we code, and it’s been exhilarating seeing the models keep getting better – but we eventually realized that developing on localhost was holding us back: - Git worktrees are clunky to set up and use for parallelizing work - It’s 2026, but somehow everyone is still walking around with laptops cracked open or SSHing into mac minis in their garage so their agents don’t stop working.",coding,0.417,developer_ergonomics,0.420,firsthand_usage,0.249,1,0.392,true,0.619,4,,,,,,,,,,,,,
89f01fb719614c2098b6f72d34ab83e8,hacker_news,hacker_news,47938417,47943127,https://news.ycombinator.com/item?id=47943127,claude,anthropic,,,agents,satisfaction,hearsay,praise,1,0.65,False,False,False,False,False,"It would be extremely educative. I haven't been able to do without an `.MD` - no agent (CC, Codex, OpenHands) was smart enough to figure out my layout unguided. So much so, a few weeks ago, I had Claude write the guideline below to document the way I like to lay out my tests and modules.",writing,0.626,task_fit,0.703,firsthand_usage,0.719,1,0.683,true,0.889,4,,,,,,,,,,,,,
9060a1c7bd394f10857a45268825c902,hacker_news,hacker_news,47778035,47778194,https://news.ycombinator.com/item?id=47778194,claude,anthropic,,,general,satisfaction,firsthand_usage,neutral,0,0.65,True,False,False,False,False,"At least I could not get claude projects working, after it worked perfectly about 2 months ago.",coding,0.462,regression_stability,0.298,bug_regression_report,0.531,-2,0.670,true,0.812,4,,,,,,,,,,,,,
34baac0cde514549abe0d0d11ef728b7,hacker_news,hacker_news,43752176,43755120,https://news.ycombinator.com/item?id=43755120,gemini,google,,,general,satisfaction,firsthand_usage,neutral,0,0.65,True,False,False,False,False,"I think it would be interesting comparing prompt for prompt! In this case, it looks like the Gemini output that you linked — as you mentioned — doesn't include the requirement for a scrambler/solver/timer, so it's hard for me to comment directly on the comparison.",coding,0.261,hallucination_safety,0.265,comparative_evaluation,0.400,0,0.319,true,0.736,4,,,,,,,,,,,,,
3c719b4a976b4ac4894ee5b4de004295,hacker_news,hacker_news,45013572,45013572,https://github.com/bkdevs/async-server,claude,anthropic,claude-code,,api_developer_workflow,developer_ergonomics,hearsay,complaint,-1,0.67,False,False,False,False,False,"The problems I kept running into: - I'm lazy. My Claude Code workflow became: throw a vague prompt like ""turn issues into tasks in Github webhook,"" let it run something wrong, then iterate until I realize I could've just coded it myself. Claude Code's docs say to plan first, but it's not enforced and I can't force myself to do it.",coding,0.604,developer_ergonomics,0.353,firsthand_usage,0.680,-2,0.492,true,0.900,4,,,,,,,,,,,,,
ad572d86a9f64d5094fde71f2d1aac0e,hacker_news,hacker_news,48189073,48189073,https://news.ycombinator.com/item?id=48189073,claude,anthropic,,,api_developer_workflow,developer_ergonomics,integration_failure,neutral,0,0.67,False,False,False,False,True,Company I work for is now rapidly planning to scale down its AI tooling spend. Claude code access is basically getting removed and people are forbidden from using personal plans. Reasoning is cost apparently our monthly Claude bill has become astronomical for the org.,agents,0.450,value,0.714,pricing_value_comment,0.552,-1,0.338,false,0.698,4,,,,,,,,,,,,,
8ad4aa39e0944ccdb4eae29fa3777813,hacker_news,hacker_news,47890749,47890845,https://news.ycombinator.com/item?id=47890845,claude,anthropic,claude-code,,coding,satisfaction,hearsay,praise,1,0.71,False,False,False,False,False,"I've been in a similar position; where I was tasked to refactor a messy LARGE codebase that was created by a bunch of different previous team members. Here's what I would recommend: - If your codebase contains sensitive or IP related code make sure to remove that before interacting with your AI assistant of choice - Upload the repo/codebase to Claude Code (or codex or whatever you prefer); and ask it to analyse it: the good, the bad and the ugly - Based on the analysis ask the AI assistant to create an .md file with all recommendations/optimisations required to improve code (make sure to have all relevant tests included in the refactoring loop) - Note the before outcomes/outputs; do the refactoring using Claude Code again or whatever tool you prefer; then check after outcomes/outputs to make sure nothing did break Usually it's an iterative process; if done correctly you could end up with a much better codebase. Good luck!",coding,0.500,task_fit,0.441,firsthand_usage,0.517,-2,0.445,true,0.732,4,,,,,,,,,,,,,
749c977b94b948b59f0dcb0ccc216b1a,hacker_news,hacker_news,47778035,47778194,https://news.ycombinator.com/item?id=47778194,claude,anthropic,,,general,satisfaction,release_update_reaction,neutral,0,0.7100000000000001,True,False,False,False,False,"At least I could not get claude projects working, after it worked perfectly about 2 months ago. Because Anthropic introduced a chatbot as only line of support, help is not on is way.",coding,0.443,developer_ergonomics,0.390,integration_failure,0.428,-2,0.375,true,0.573,4,,,,,,,,,,,,,
15e30997582144e68591e8128e209fc5,hacker_news,hacker_news,47778035,47778035,https://news.ycombinator.com/item?id=47778035,claude,anthropic,,,coding,satisfaction,firsthand_usage,neutral,0,0.7300000000000001,True,False,False,False,False,"As a Claude Pro subscriber (Web version; I don't use Claude Code), I’ve seen a clear decline over the last couple of weeks. I can’t complete tasks in a single turn anymore. Claude often stops streaming because it hits some internal tool-call/turn limit, so I have to keep pressing “Continue.” Each continuation has to re-feed context, which quickly burns through tokens and quota.",general,0.307,regression_stability,0.316,bug_regression_report,0.422,-2,0.369,true,0.749,4,,,,,,,,,,,,,
5213ef24b66742ce8f1dd4ab9ccb017d,hacker_news,hacker_news,42784373,42784373,https://polychat.co,claude,anthropic,,,general,value,firsthand_usage,neutral,0,0.7300000000000001,True,False,False,False,False,"I was fed up switching between multiple UIs to ask GPT, Claude, etc… the same question and comparing the answers. So I built a way to ask multiple models the same question efficiently by having the LLM compare the responses and only show you new and valuable information from the 2nd model. This way you still get a fast response as normal from the 1st model, but also get any added value provided by the 2nd model.",agents,0.578,satisfaction,0.344,comparative_evaluation,0.349,0,0.459,true,0.732,4,,,,,,,,,,,,,
2eefd2e92283441398fae85b9e01482b,hacker_news,hacker_news,47979438,47980490,https://news.ycombinator.com/item?id=47980490,claude,anthropic,,,coding,satisfaction,firsthand_usage,neutral,0,0.74,True,False,False,False,False,"I would recommend you consider a Claude code hook, you could then specify a particular part of the agent lifecycle to invoke the fortune as an alternative to manual invocation of the skill. You could do it on `SessionStart` to give a horoscope. I am looking at making a skill to test random programming knowledge, so I don't forget that an Integer is 32bits (at least in Java)",agents,0.834,trust_reliability,0.411,hearsay,0.461,0,0.464,true,0.558,4,,,,,,,,,,,,,
a0140ce558684097ac4339478cb47d17,hacker_news,hacker_news,45864204,45864204,https://news.ycombinator.com/item?id=45864204,gpt-4o,openai,chatgpt,,general,satisfaction,firsthand_usage,neutral,0,0.7600000000000001,True,False,False,False,False,When I used the same prompt: • Instructor: Perfect visualization • Me: No visualization ChatGPT explained: “The instructor likely uses Pro + advanced features. ChatGPT Pro users can use GPT-4o.” The problem? I was already a Plus subscriber with GPT-4o access.,multimodal,0.340,refusal_acceptance,0.225,integration_failure,0.411,-1,0.320,true,0.530,4,,,,,,,,,,,,,
2c201b168698401b9d809751dbc5918d,hacker_news,hacker_news,46673809,46678776,https://news.ycombinator.com/item?id=46678776,claude,anthropic,,,research,developer_ergonomics,integration_failure,neutral,0,0.83,True,False,False,False,True,"You can spend $100 a month for Max and get way more API usage out of it, or for $17 if you are patient about hitting limits its still way cheaper than using the API directly. I have a similar experience but its moreso AI lets me build my side projects I only have time to research on, not much time or energy to actually code. I get to review the code and have Claude inspect it (most people I feel dont have Claude do code audits) and tell me where theres bugs, security issues, etc.",api_developer_workflow,0.955,value,0.908,pricing_value_comment,0.887,1,0.312,true,0.577,4,,,,,,,,,,,,,
2e625e8306ad4043a942fe0cbe049888,hacker_news,hacker_news,45013572,45013572,https://github.com/bkdevs/async-server,claude,anthropic,,,research,satisfaction,integration_failure,neutral,0,0.8500000000000001,True,False,False,False,False,"So I built Async: - Forces upfront planning, always asks clarifying questions and requires confirmation before executing - Simple task tracking that imports Github issues automatically (other integration coming soon!) - Executes in the cloud, breaks work into subtasks, creates commits, opens PRs - Built-in code review with stacked diffs - comment and iterate without leaving the app - Works on desktop and mobile It works by using a lightweight research agent to scope out tasks and come up with requirements and clarifying questions as needed (e.g., ""fix the truncation issue"" - ""Would you like a tooltip on hover?""). After you confirm requirements, it executes the task by breaking it down into subtasks and then working commit by commit. It uses a mix of Gemini and Claude Code internally and runs all changes in the background in the cloud.",agents,0.900,trust_reliability,0.276,firsthand_usage,0.433,1,0.526,true,0.754,4,,,,,,,,,,,,,
c851ae206f784e2fb9bf56bbc8ee8d20,hacker_news,hacker_news,48399358,48399358,https://boxes.dev,claude,anthropic,claude-code,,coding,value,pricing_value_comment,neutral,0,0.8500000000000001,True,False,False,False,True,"- Mobile is treated like an afterthought even though coding is just texting now We started hitting resource constraints when multiple parallel agents test their own work by running the full app locally. - We tried different products, but couldn’t find any that solved all of our pain points – so we pivoted and decided to just build the ADE we wanted for ourselves. Boxes.dev is a desktop and mobile app that lets you run Claude Code, Codex (using your subscription!), and the full dev environment for whatever you’re building, all on remote compute.",agents,0.396,developer_ergonomics,0.472,integration_failure,0.355,1,0.400,true,0.658,4,,,,,,,,,,,,,
7c5cf97b99014f1db10c7b9f2854b73e,hacker_news,hacker_news,45013572,45013572,https://github.com/bkdevs/async-server,gemini,google,,,research,satisfaction,integration_failure,neutral,0,0.8500000000000001,True,False,False,False,False,"So I built Async: - Forces upfront planning, always asks clarifying questions and requires confirmation before executing - Simple task tracking that imports Github issues automatically (other integration coming soon!) - Executes in the cloud, breaks work into subtasks, creates commits, opens PRs - Built-in code review with stacked diffs - comment and iterate without leaving the app - Works on desktop and mobile It works by using a lightweight research agent to scope out tasks and come up with requirements and clarifying questions as needed (e.g., ""fix the truncation issue"" - ""Would you like a tooltip on hover?""). After you confirm requirements, it executes the task by breaking it down into subtasks and then working commit by commit. It uses a mix of Gemini and Claude Code internally and runs all changes in the background in the cloud.",agents,0.900,trust_reliability,0.276,firsthand_usage,0.433,1,0.526,true,0.754,4,,,,,,,,,,,,,
6682d85accd14450bb5959e9f294ae05,hacker_news,hacker_news,48387095,48387095,https://news.ycombinator.com/item?id=48387095,claude,anthropic,claude-code,,research,satisfaction,benchmark_anecdote,neutral,0,0.88,True,False,False,False,False,"At retrieval we query-expand, then fuse semantic search over embeddings with Postgres full-text search using reciprocal rank fusion, and we only ever evaluate a query against the facts and episodes that person has access to, which means two people on the same team can ask the same question and get different answers. We keep information fresh with webhooks where they exist and polling where they don't, hashing contents to catch changes for sources that don’t handle native dedupe. Agents read and write through two paths: lifecycle hooks in tools like Claude Code, Cowork, Codex, and Cursor, where we inject relevant context on every prompt and pull interesting facts out of every response, and plain MCP tool calls for everything that doesn't expose hooks.",research,0.801,task_fit,0.382,hearsay,0.310,0,0.570,false,0.513,4,,,,,,,,,,,,,
841a73c0d2264c9cbaeed26c2557c560,hacker_news,hacker_news,47778035,47806829,https://news.ycombinator.com/item?id=47806829,claude,anthropic,,,general,satisfaction,hearsay,complaint,-1,0.53,False,False,False,False,False,It seems like Claude is getting worse.,general,0.883,regression_stability,0.906,bug_regression_report,0.771,-2,0.571,false,0.870,3,,,,,,,,,,,,,
3ee6bd16d46c4a14bc76b4ce230257e0,hacker_news,hacker_news,48354405,48355617,https://news.ycombinator.com/item?id=48355617,claude,anthropic,,,coding,satisfaction,hearsay,praise,1,0.56,False,False,False,False,False,"Frankly, Claude has been unbelievably proficient at spatial design since Opus 4.6. I think a lot of the people commenting here are relying on outdated assumptions. Simply put, LLMs have crossed a threshold and can now produce professional, shippable visual designs, similar to the way they became good enough to produce shippable code in 2024.",general,0.294,task_fit,0.391,hearsay,0.523,2,0.390,false,0.693,3,,,,,,,,,,,,,
56390ae875e949d79dd0353de452432f,hacker_news,hacker_news,45013572,45035106,https://news.ycombinator.com/item?id=45035106,claude,anthropic,,,coding,satisfaction,hearsay,praise,1,0.56,False,False,False,False,False,"Appears to be Claude Code and GitHub PRs, but not Linear. It should be Linear, since Linear does an extraordinary number of useful things beyond ""issue list"". Since it seems to have nothing to do with Linear, I'm surprised the headline says it it's those three things, by trademarked brand name.",coding,0.544,satisfaction,0.334,firsthand_usage,0.241,-1,0.349,true,0.533,3,,,,,,,,,,,,,
3d8425c3657a4ee390cc677a4d9f0ae7,hacker_news,hacker_news,48166147,48170759,https://news.ycombinator.com/item?id=48170759,claude-opus-4.7,anthropic,claude-code,,coding,satisfaction,comparative_evaluation,neutral,0,0.56,False,False,False,False,False,Opus 4.7 in Vscode via Claude Code.,coding,0.920,developer_ergonomics,0.338,firsthand_usage,0.329,1,0.286,false,0.514,3,,,,,,,,,,,,,
3005c7de0bf34dc98b6dba1a1d83068a,hacker_news,hacker_news,48183301,48186111,https://news.ycombinator.com/item?id=48186111,gemini,google,,,general,satisfaction,hearsay,praise,2,0.56,False,False,False,False,False,"I've listened to DJ Gemini for a few hours, and I think it's quite good. The voice in particular is amazing, I wouldn't have tell it's generated. And it's modulated according to the program - quieter during chill, more energetic otherwise, ....",general,0.432,satisfaction,0.409,firsthand_usage,0.272,1,0.485,true,0.762,3,,,,,,,,,,,,,
1808c4f3f71f4b4584d6d2b38685ea1f,hacker_news,hacker_news,47367526,47370442,https://news.ycombinator.com/item?id=47370442,gemini,google,,,general,satisfaction,benchmark_anecdote,praise,1,0.56,False,False,False,False,False,"But even if I've misunderstood how attention works, the numbers are relative. GPT 5.4 at 1M only achieves 36% needle retrieval. Gemini 3.1 & GPT 5.4 are only getting 80% at even the 128K point, but I think people would still say those models are highly useful.",multimodal,0.434,satisfaction,0.386,comparative_evaluation,0.358,0,0.430,false,0.613,3,,,,,,,,,,,,,
0148c516c1894761b85bb23ccc70e85b,hacker_news,hacker_news,47938417,47940653,https://news.ycombinator.com/item?id=47940653,claude,anthropic,,,api_developer_workflow,developer_ergonomics,hearsay,praise,1,0.59,False,False,False,False,False,"I would be very curious which programmers you have in mind when comparing to llms. Like the median programmer, or like the top 10%. I feel like we've passed the point where an average-effort Claude Code / Cursor / Codex initialized (like basic docs, skills) project would produce a better product (not just code) than if you hired a median programmer to work on that project.",coding,0.609,task_fit,0.493,hearsay,0.301,2,0.543,false,0.543,3,,,,,,,,,,,,,
060fad199db34510a92f3537f417032c,hacker_news,hacker_news,48399358,48402552,https://news.ycombinator.com/item?id=48402552,claude,anthropic,,,agents,satisfaction,comparative_evaluation,praise,1,0.59,False,False,False,False,False,Why is this better than running Claude on my own home server? I can remotely monitor the agent with Termux from my phone.,agents,0.832,developer_ergonomics,0.426,firsthand_usage,0.276,1,0.446,true,0.745,3,,,,,,,,,,,,,
60d91b275f114c2db4ed46ea542184b5,hacker_news,hacker_news,48434240,48500275,https://news.ycombinator.com/item?id=48500275,gemini,google,,,research,satisfaction,hearsay,praise,1,0.59,False,False,False,False,False,"But what happens with ""thinking"" is that the model has a conversation with itself in an attempt to home in on a better answer to the original prompt. The model that summarizes what is inside the CoT/|thinking| tags is just an LLM, and it's just as jailbreakable/susceptible to prompt injection as any other LLM: (for those without X; that's Wyatt Walls demonstrating both getting the gemini summarizer to print the raw CoT, as well as just do random calculations, dump its system prompt, etc.)",writing,0.407,trust_reliability,0.325,hearsay,0.272,0,0.544,false,0.548,3,,,,,,,,,,,,,
4a2636d89756490089c9c5a981a77300,hacker_news,hacker_news,45013572,45013572,https://github.com/bkdevs/async-server,claude,anthropic,,,coding,satisfaction,hearsay,praise,1,0.6100000000000001,False,False,False,False,False,"Show HN: Async – Claude code and Linear and GitHub PRs in one opinionated tool. All are pretty amazing for bootstrapping new projects. But most of my work is iterating on existing codebases where I can't break things, and that's where the magic breaks down. None of these tools work well on mature codebases.",coding,0.937,task_fit,0.464,firsthand_usage,0.453,1,0.417,true,0.637,3,,,,,,,,,,,,,
a1778618a556440284283fad1548fa2e,hacker_news,hacker_news,48166147,48166767,https://news.ycombinator.com/item?id=48166767,claude,anthropic,,,coding,satisfaction,hearsay,praise,2,0.62,False,False,False,False,False,"for idea using gpt3.5,claude for coding and also impressed by deepseek it large context window is really useful for long projects.",coding,0.585,task_fit,0.596,firsthand_usage,0.292,1,0.750,false,0.618,3,,,,,,,,,,,,,
40453a65cbe9484991cd0d4370f79b38,hacker_news,hacker_news,48166147,48166767,https://news.ycombinator.com/item?id=48166767,deepseek,deepseek,,,coding,satisfaction,hearsay,praise,2,0.62,False,False,False,False,False,"for idea using gpt3.5,claude for coding and also impressed by deepseek it large context window is really useful for long projects.",coding,0.585,task_fit,0.596,firsthand_usage,0.292,1,0.750,false,0.618,3,,,,,,,,,,,,,
5d0b71faddc04bc8a920f970170b5601,hacker_news,hacker_news,47979438,47980261,https://news.ycombinator.com/item?id=47980261,claude,anthropic,,,general,satisfaction,firsthand_usage,neutral,0,0.65,True,False,False,False,False,"I haven't used the plugin marketplace yet, and don't have a /plugin command. Claude itself is not able to tell me how to install it.",api_developer_workflow,0.727,developer_ergonomics,0.708,firsthand_usage,0.317,-1,0.357,true,0.801,3,,,,,,,,,,,,,
f3a9a7b152824e889873a632445a8c0e,hacker_news,hacker_news,47982708,47984950,https://news.ycombinator.com/item?id=47984950,gemini,google,,,general,satisfaction,firsthand_usage,neutral,0,0.65,True,False,False,False,False,"I think this guy is using AI for pretty much everything - he says as much in his GH profile. In fact his photo bears a Gemini watermark, meaning that is AI too.",general,0.335,hallucination_safety,0.475,hearsay,0.425,0,0.561,true,0.518,3,,,,,,,,,,,,,
930ab2279f654f86a4c29d5ad041d591,hacker_news,hacker_news,48166147,48170765,https://news.ycombinator.com/item?id=48170765,gpt-5.5,openai,,,coding,value,pricing_value_comment,complaint,-1,0.65,False,False,False,False,True,"opus-4.7 very occasionally when gpt-5.5 fails, or vice-versa, and sonnet-4.6 when codex-5.3 fails. 7. deepseek-v4-pro when I need to do a long agentic session, and want higher quality, for cheap (non-coding).",coding,0.585,task_fit,0.283,comparative_evaluation,0.529,-1,0.550,true,0.670,3,,,,,,,,,,,,,
6553ea2338374c3387cd6b897eb1a8b6,hacker_news,hacker_news,46673809,46677047,https://news.ycombinator.com/item?id=46677047,claude,anthropic,,,coding,satisfaction,firsthand_usage,neutral,0,0.68,True,False,False,False,False,But that's probably going to change over the next months/year. I'm mainly using codex. I know a lot of people seem to prefer Claude Code.,coding,0.915,task_fit,0.243,comparative_evaluation,0.419,1,0.365,true,0.695,3,,,,,,,,,,,,,
39408b9a8e094feda6c9297c1e32a31f,hacker_news,hacker_news,46673809,46677047,https://news.ycombinator.com/item?id=46677047,claude,anthropic,chatgpt,,coding,satisfaction,firsthand_usage,neutral,0,0.68,True,False,False,False,False,I'm mainly using codex. I know a lot of people seem to prefer Claude Code. But I've been a happy ChatGPT Plus user for a while and codex is included with that and seems to do the job.,coding,0.799,task_fit,0.472,comparative_evaluation,0.720,1,0.474,true,0.854,3,,,,,,,,,,,,,
73e8f7c1c9df4a899bfa17cda22e2208,hacker_news,hacker_news,48166147,48171876,https://news.ycombinator.com/item?id=48171876,claude-opus-4.7,anthropic,,,general,satisfaction,firsthand_usage,neutral,0,0.68,True,False,False,False,False,"I use Opus 4.7 for personal stuff (basically for everything), but have been considering gpt-5.5 given all I hear about it. At work I use 4.6 because we don't have 4.7 yet...zzz... I also do a LOT of personal/portfolio work with self-hosted models.",general,0.482,task_fit,0.422,comparative_evaluation,0.467,1,0.449,true,0.752,3,,,,,,,,,,,,,
16d9b61f14e946098302127b0f819920,hacker_news,hacker_news,48166147,48182777,https://news.ycombinator.com/item?id=48182777,claude-opus-4.7,anthropic,,,general,satisfaction,firsthand_usage,neutral,0,0.68,True,False,False,False,False,"For more interactive/discussion/planning or orchestration stuff, I find myself going back and forth between Opus 4.7 and GPT 5.5. Still not sure which one I prefer.",general,0.346,task_fit,0.499,comparative_evaluation,0.694,1,0.361,true,0.748,3,,,,,,,,,,,,,
ba898844350e4440854e4eceac60819d,hacker_news,hacker_news,48415709,48428969,https://news.ycombinator.com/item?id=48428969,gemini,google,,,general,satisfaction,firsthand_usage,praise,1,0.68,True,False,False,False,False,"Ollama just exposes models via an OpenAI compatible endpoint though (I'm pretty sure), so adding that standard is probably a good idea. The prompts are a bit tuned for Gemini. I'd have to test how much that matters.",api_developer_workflow,0.266,developer_ergonomics,0.327,integration_failure,0.492,1,0.370,true,0.611,3,,,,,,,,,,,,,
803c158e8d4c4a57b62334af8eedb3e2,hacker_news,hacker_news,43752176,43755120,https://news.ycombinator.com/item?id=43755120,gemini-2.5,google,,,general,satisfaction,firsthand_usage,neutral,0,0.68,True,False,False,False,False,"I think it would be interesting comparing prompt for prompt! In this case, it looks like the Gemini output that you linked — as you mentioned — doesn't include the requirement for a scrambler/solver/timer, so it's hard for me to comment directly on the comparison. I ask because we can totally add Gemini 2.5 pro as one of the models we use under the hood!",coding,0.278,satisfaction,0.337,comparative_evaluation,0.450,0,0.326,true,0.730,3,,,,,,,,,,,,,
a982b63d573a4cc49bc775a27e489b13,hacker_news,hacker_news,48166147,48171876,https://news.ycombinator.com/item?id=48171876,gpt-5.5,openai,,,general,satisfaction,firsthand_usage,neutral,0,0.68,True,False,False,False,False,"I use Opus 4.7 for personal stuff (basically for everything), but have been considering gpt-5.5 given all I hear about it. At work I use 4.6 because we don't have 4.7 yet...zzz... I also do a LOT of personal/portfolio work with self-hosted models.",general,0.482,task_fit,0.422,comparative_evaluation,0.467,1,0.449,true,0.752,3,,,,,,,,,,,,,
b82218af445e409fb935a76322ddd53f,hacker_news,hacker_news,47778035,47802019,https://news.ycombinator.com/item?id=47802019,claude,anthropic,,,general,satisfaction,firsthand_usage,neutral,0,0.7100000000000001,True,False,False,False,False,"Claude went from useful to near useless for me in a week, with no otherwise visible change. The produce being sold is literally changing under the hood on a whim. This is a deceptive trade practice, but on a more practical level, it's just not possible to get consistent results with these products when their output quality is so subject to change.",general,0.815,regression_stability,0.522,bug_regression_report,0.657,-2,0.493,true,0.557,3,,,,,,,,,,,,,
3bf7486627af4c60bac0dd4aab99d49e,hacker_news,hacker_news,47367526,47394275,https://news.ycombinator.com/item?id=47394275,claude,anthropic,,,general,satisfaction,release_update_reaction,praise,1,0.7100000000000001,True,False,False,False,False,"Most likely need to pivot after next weeks claude update. Good thing is take what they learn into the pivot. So much AI startup I see where ""why do I need that anymore..."".",general,0.301,task_fit,0.208,hearsay,0.287,1,0.349,false,0.628,3,,,,,,,,,,,,,
8c522f89a6cf4dc5a2ae41fdf17eafad,hacker_news,hacker_news,48399358,48402045,https://news.ycombinator.com/item?id=48402045,claude,anthropic,cursor,,coding,satisfaction,firsthand_usage,complaint,-1,0.7100000000000001,True,False,False,False,False,"The orchestration layer and product experience ticks all the boxes for me but where Codex, Claude, and Cursor have fallen down for me in the past is: - slow and outdated vms - horrible/no way to standardize environments for my team - no way to bring our own compute to help resolve these issues ^",agents,0.584,developer_ergonomics,0.505,comparative_evaluation,0.249,-1,0.496,true,0.721,3,,,,,,,,,,,,,
b16156deda1d434da9876e080d5aab60,hacker_news,hacker_news,47559293,47559616,https://news.ycombinator.com/item?id=47559616,claude,anthropic,,ultracode,coding,value,pricing_value_comment,neutral,0,0.7100000000000001,True,False,False,False,True,"I had gotten a student/ultra code for antigravity promo for three months, so I was using that, but that finally ran out this month. Currently Im using windstream and flipping between claude as my left brain and code extraction and the higher context but cheaperish models there. honestly though, im getting to a point where im running custom project mds that flip between different models for different things, using list outputs depending on what it finds and runs.",coding,0.668,satisfaction,0.290,firsthand_usage,0.482,0,0.455,true,0.875,3,,,,,,,,,,,,,
a56dd2f91cb5486395d58d30a5d4a255,hacker_news,hacker_news,42784373,42810807,https://news.ycombinator.com/item?id=42810807,claude,anthropic,,,api_developer_workflow,value,integration_failure,neutral,0,0.7100000000000001,True,False,False,False,True,"One tradeoff of bringing your own API keys is that as you add more model providers, you get more billing accounts to deal with. Chorus also doesn't have an incentive to efficiently use your tokens. We save 67% on Anthropic token costs using Claude Caching.",api_developer_workflow,0.900,value,0.660,pricing_value_comment,0.851,0,0.578,false,0.788,3,,,,,,,,,,,,,
307540635a1d4e6abb85c6de4d84d866,hacker_news,hacker_news,42784373,42810807,https://news.ycombinator.com/item?id=42810807,claude,anthropic,,,general,value,pricing_value_comment,neutral,0,0.7100000000000001,True,False,False,False,True,"We save 67% on Anthropic token costs using Claude Caching. We also use cheaper ""task models"" for conversation titles, tagging, and parts of the RAG pipeline which all drastically cuts token costs. For local models I highly recommend They do the side by side thing that Chorus does and you can serve it to anywhere including your phone.",api_developer_workflow,0.475,value,0.841,pricing_value_comment,0.867,0,0.504,false,0.517,3,,,,,,,,,,,,,
603944d674124aa489059f809cf3a630,hacker_news,hacker_news,48434240,48434240,https://news.ycombinator.com/item?id=48434240,claude,anthropic,claude-code,,coding,satisfaction,firsthand_usage,neutral,0,0.7300000000000001,True,False,False,False,False,"The reason I ask is because, if I change the effort param mid conversation in Claude code, I get a warning suggesting I’m breaking the cache. I don’t think this happens in Codex because when I change the effort, the responses are still quick.",coding,0.472,trust_reliability,0.297,comparative_evaluation,0.199,0,0.535,true,0.776,3,,,,,,,,,,,,,
777cd7cd3d16484e88a0d6da43737cd1,hacker_news,hacker_news,48419614,48419614,https://news.ycombinator.com/item?id=48419614,claude,anthropic,claude-code,,coding,satisfaction,firsthand_usage,neutral,0,0.7300000000000001,True,False,False,False,False,"Coupling that with additional automated token efficiency techniques has yielded 3x usage for the same spend. For anyone interested in trying it themselves: Various teammates and I switched over to Codex from Claude Code recently. We still bounce between the tools, but Codex’s speed and steerability coupled with performance gains were hard to ignore.",coding,0.572,value,0.785,pricing_value_comment,0.677,0,0.414,true,0.563,3,,,,,,,,,,,,,
655a8684ff8c47b3be86d7394a8e3f26,hacker_news,hacker_news,45864204,45864204,https://news.ycombinator.com/item?id=45864204,gpt-4o,openai,chatgpt,,general,satisfaction,release_update_reaction,neutral,0,0.7600000000000001,True,False,False,False,False,"ChatGPT didn’t even know Plus users have GPT-4o access. May 12 Discovery: The next day, when I tried to show this conversation, critical parts had been altered: Evidence of systematic editing: 1. Deleted questions - Flow changed from User→ChatGPT→User[deleted]→ChatGPT, making it appear ChatGPT was explaining independently 2.",general,0.296,refusal_acceptance,0.280,hearsay,0.387,-2,0.518,true,0.570,3,,,,,,,,,,,,,
b910cc83e9744c5c8b22f67805de2206,hacker_news,hacker_news,48166147,48182777,https://news.ycombinator.com/item?id=48182777,claude-opus-4.7,anthropic,,,coding,value,pricing_value_comment,neutral,0,0.8,True,False,False,False,True,"For straightforward coding tasks I use gpt-5.3-codex on high or xhigh. Sometimes I try 5.5 but overall 5.3-codex is more than capable enough for most of my needs and quite a bit cheaper. For more interactive/discussion/planning or orchestration stuff, I find myself going back and forth between Opus 4.7 and GPT 5.5.",coding,0.863,task_fit,0.616,comparative_evaluation,0.711,1,0.393,true,0.773,3,,,,,,,,,,,,,
5528267ed68d434289854b8fc982394f,hacker_news,hacker_news,48399358,48399358,https://boxes.dev,claude,anthropic,,,coding,satisfaction,firsthand_usage,neutral,0,0.8200000000000001,True,False,False,False,False,"We use coding agents to scan your local dev setup and port it to the cloud. Then every Claude Code/Codex thread starts from a snapshot of the full setup, with its own filesystem and compute. No more git worktrees, no more cracked-open laptops, and your coding agents can actually test their work end-to-end because they can run your full app in isolation.",coding,0.583,developer_ergonomics,0.327,firsthand_usage,0.448,1,0.408,false,0.503,3,,,,,,,,,,,,,
f6ff8f4afa4740cabf2ec4b0e8b6da48,hacker_news,hacker_news,45013572,45013572,https://github.com/bkdevs/async-server,claude,anthropic,,,coding,satisfaction,firsthand_usage,neutral,0,0.8500000000000001,True,False,False,False,False,"Hi, I’m Mikkel and I’m building Async, an open-sourced developer tool that combines AI coding with task management and code review. What Async does: - Automatically researches coding tasks, asks clarifying questions, then executes code changes in the cloud - Breaks work into reviewable subtasks with stack diffs for easier code review - Handles the full workflow from issue to merged PR without leaving the app Demo here: I’ve been working as a developer for over a decade now. I’ve tried all sorts of AI tools out there including Cline, Cursor, Claude Code, Kiro and more.",agents,0.895,task_fit,0.432,firsthand_usage,0.342,1,0.438,true,0.719,3,,,,,,,,,,,,,
9629628d5c574468bbde02d8bb8cbd99,hacker_news,hacker_news,47982708,47982708,https://github.com/lahfir/agent-desktop,claude,anthropic,,,agents,value,pricing_value_comment,neutral,0,0.8500000000000001,True,False,False,False,True,"I've been building computer-use tools for a while, and I quietly launched this about a month ago (122 Stars on GH). I figured it was worth sharing here. Over the last few months, a lot of computer-use agents have come out: Codex, Claude Code, CUA, and others.",agents,0.983,task_fit,0.369,firsthand_usage,0.441,2,0.455,true,0.873,3,,,,,,,,,,,,,
7aa568cbfd8e49c3a109b15487c7d32c,hacker_news,hacker_news,48183301,48186871,https://news.ycombinator.com/item?id=48186871,claude,anthropic,,,general,satisfaction,hearsay,praise,1,0.53,False,False,False,False,False,"Love this. Claude has a similar music taste to me it seems. I read the X thread over the weekend, parts of it had me and my gf crying with laughter",general,0.867,satisfaction,0.624,firsthand_usage,0.494,1,0.415,true,0.789,2,,,,,,,,,,,,,
c58fb33f467a4cdc8f4df7912e174ef9,hacker_news,hacker_news,48387095,48394088,https://news.ycombinator.com/item?id=48394088,claude,anthropic,,,general,satisfaction,hearsay,praise,1,0.53,False,False,False,False,False,"Also yes (this is where Claude/markdown memories fail). It should be enough to still be (net) massively useful, and the error rate will go down over time.",long_context,0.560,trust_reliability,0.260,hearsay,0.254,1,0.341,false,0.808,2,,,,,,,,,,,,,
24c3e7a17d1541a6a99dda6a338d8a94,hacker_news,hacker_news,47367526,47370442,https://news.ycombinator.com/item?id=47370442,gemini,google,,,general,satisfaction,hearsay,praise,1,0.53,False,False,False,False,False,"Gemini 3.1 & GPT 5.4 are only getting 80% at even the 128K point, but I think people would still say those models are highly useful.",general,0.742,satisfaction,0.459,comparative_evaluation,0.285,2,0.386,false,0.815,2,,,,,,,,,,,,,
756dba0860cd4efeb6e28f8cda79b6c1,hacker_news,hacker_news,48183301,48184788,https://news.ycombinator.com/item?id=48184788,grok,xai,,,general,satisfaction,hearsay,praise,1,0.53,False,False,False,False,False,"Open Air is such a great name for gpt's channel. Grok and roll was pretty funny too. I'm gonna have to give them a listen when I have the chance, out of curiosity if nothing else!",general,0.469,satisfaction,0.546,comparative_evaluation,0.427,1,0.677,true,0.656,2,,,,,,,,,,,,,
07386c573d6947a7b44c631831e54b3f,hacker_news,hacker_news,47355410,47357034,https://news.ycombinator.com/item?id=47357034,kimi,moonshot,,,general,satisfaction,hearsay,praise,1,0.53,False,False,False,False,False,"Thank you for the feedback! I think we will definitely redo the info on the frontpage to reorg and show quantizations better. For reference, Kimi and Minimax are NVFP4.",writing,0.437,satisfaction,0.285,release_update_reaction,0.211,1,0.666,false,0.564,2,,,,,,,,,,,,,
0532cd0c87f840398e7001c9c375e715,hacker_news,hacker_news,47778035,47778190,https://news.ycombinator.com/item?id=47778190,claude,anthropic,,,general,regression_stability,bug_regression_report,neutral,0,0.56,False,True,False,False,True,"Claude is, I'm sorry to say, basically nerfed. I downgraded from Max to Pro this month and will cancel my subscription next month. I would suggest others who feel similarly do the same.",general,0.670,regression_stability,0.613,bug_regression_report,0.736,-2,0.531,true,0.731,2,,,,,,,,,,,,,
9781c73708d84267918b6aaafbfa38c9,hacker_news,hacker_news,47367526,47367625,https://news.ycombinator.com/item?id=47367625,claude,anthropic,,,coding,satisfaction,hearsay,praise,1,0.56,False,False,False,False,False,do you guys have any stats on how much faster this is than claude or codex's compression?,coding,0.346,satisfaction,0.293,benchmark_anecdote,0.359,-1,0.284,false,0.719,2,,,,,,,,,,,,,
434ad32f351a4bdbb906d01a4b3ad215,hacker_news,hacker_news,47890749,47891269,https://news.ycombinator.com/item?id=47891269,claude,anthropic,,,general,value,pricing_value_comment,complaint,-1,0.56,False,False,False,False,True,"Part of why you're hitting your limit is that Claude's Pro subscription is completely unusable with the current usage limits. I legitimately mean it when I say, you should cancel. But to the actual question: A lot of people's gut instinct on how to solve this doesn't work.",api_developer_workflow,0.652,value,0.632,pricing_value_comment,0.613,-2,0.361,false,0.565,2,,,,,,,,,,,,,
46f02d2b0b0c420084f79cf289e5ddc9,hacker_news,hacker_news,48189073,48213179,https://news.ycombinator.com/item?id=48213179,claude,anthropic,,,api_developer_workflow,value,integration_failure,neutral,0,0.56,False,False,False,False,True,"wtf have you guys been doing. Get on a fixed team plan ASAP instead of paying per token via API pricing. Standard seat All Claude features, plus more usage than Pro* $20 Per seat / month if billed annually.",api_developer_workflow,0.885,value,0.822,pricing_value_comment,0.925,0,0.584,false,0.727,2,,,,,,,,,,,,,
16028d75b3bf4df3a014437f3dbe7c93,hacker_news,hacker_news,48136833,48136833,https://rauno.ai,claude-sonnet-4.6,anthropic,,,general,satisfaction,hearsay,complaint,-1,0.5800000000000001,False,False,False,False,False,"The backend routes the conversation to make sure they are skeptical towards each other's opinions, to make sure they catch each other's flaws in thinking. By talking to each other, the models immediately call out each other’s mistakes and when you push a little more, they definitely don't hold back. It currently supports recent models like Claude Sonnet 4.6, Gemini 3.1 Pro and ChatGPT 5.2.",general,0.360,trust_reliability,0.285,hearsay,0.448,0,0.486,false,0.718,2,,,,,,,,,,,,,
d21d17a3326b4ec4b079c5bcf72aaa29,hacker_news,hacker_news,45715055,45717730,https://news.ycombinator.com/item?id=45717730,claude,anthropic,,,coding,satisfaction,hearsay,complaint,-1,0.59,False,False,False,False,False,"This feels like a fresh breath of air after all ""I vibe coded this in 4 hours with Claude"". Don't get me wrong, vibe coding had its own place, but it feels that projects like this one have become a rarity.",coding,0.779,satisfaction,0.539,hearsay,0.372,2,0.448,true,0.681,2,,,,,,,,,,,,,
74e61f1d80404ed089754947a450bae8,hacker_news,hacker_news,46673809,46677047,https://news.ycombinator.com/item?id=46677047,claude,anthropic,chatgpt,,coding,value,hearsay,praise,1,0.59,False,False,False,False,False,I know a lot of people seem to prefer Claude Code. But I've been a happy ChatGPT Plus user for a while and codex is included with that and seems to do the job. Amazing value for 20$/month.,coding,0.790,value,0.468,comparative_evaluation,0.471,1,0.394,true,0.703,2,,,,,,,,,,,,,
cf3244d45ec24775a6c139901401ec06,hacker_news,hacker_news,48189073,48189073,https://news.ycombinator.com/item?id=48189073,claude,anthropic,,,coding,value,pricing_value_comment,neutral,0,0.6100000000000001,False,False,False,False,True,Claude code access is basically getting removed and people are forbidden from using personal plans. Reasoning is cost apparently our monthly Claude bill has become astronomical for the org. Nearly 3x our saas's cloud spend.,api_developer_workflow,0.396,value,0.406,pricing_value_comment,0.362,-2,0.474,false,0.704,2,,,,,,,,,,,,,
6e71dc34e6ae42c68e1a3efb39afb715,hacker_news,hacker_news,47367526,47371634,https://news.ycombinator.com/item?id=47371634,claude,anthropic,claude-code,,api_developer_workflow,developer_ergonomics,hearsay,complaint,-1,0.62,False,False,False,False,False,"We add <0.5s in compression latency, but then you gain some time on the target model prefill, as shorter context speeds it up. 2. /compact once the context window is full - the one which is painfully slow for claude code.",api_developer_workflow,0.527,developer_ergonomics,0.418,release_update_reaction,0.208,0,0.390,false,0.699,2,,,,,,,,,,,,,
1d263638018a401ab21b099308a9c72a,hacker_news,hacker_news,47778035,47806829,https://news.ycombinator.com/item?id=47806829,claude,anthropic,,,coding,satisfaction,comparative_evaluation,complaint,-1,0.62,False,False,False,False,False,"It seems like Claude is getting worse. It's definitely not worse than the free options, like DeepSeek, though. I'm generally happy with Codex these days, but subscribe to both OpenAI and Claude.",coding,0.427,value,0.390,comparative_evaluation,0.505,-1,0.331,true,0.542,2,,,,,,,,,,,,,
0a08542cfee54cafb30be65209a978e6,hacker_news,hacker_news,48453002,48471193,https://news.ycombinator.com/item?id=48471193,claude,anthropic,,,coding,satisfaction,hearsay,complaint,-1,0.62,False,False,False,False,False,"But all of them were working professionals, who would take the training back on the job each week and see all the lessons playing out in their own and their coworker's code. If they were just chatting with AI and never having to get halfway through a big feature only to realize that the design was just fundamentally flawed, rate of growth would probably be much slower. In short: lots you can do to grow faster than someone who just stares at the Claude CLI all day and never opens an editor.",coding,0.399,task_fit,0.415,hearsay,0.700,2,0.498,false,0.856,2,,,,,,,,,,,,,
14649b5ae3ef4821941200ea49a1942e,hacker_news,hacker_news,47778035,47806829,https://news.ycombinator.com/item?id=47806829,deepseek,deepseek,,,coding,satisfaction,comparative_evaluation,complaint,-1,0.62,False,False,False,False,False,"It seems like Claude is getting worse. It's definitely not worse than the free options, like DeepSeek, though. I'm generally happy with Codex these days, but subscribe to both OpenAI and Claude.",coding,0.427,value,0.390,comparative_evaluation,0.505,-1,0.331,true,0.542,2,,,,,,,,,,,,,
ae157a311de34bb6ad41b2888219c627,hacker_news,hacker_news,42784373,42784373,https://polychat.co,gpt-4o,openai,,high_effort,coding,satisfaction,hearsay,praise,2,0.64,False,False,False,False,False,"Show HN: Chat with multiple LLMs: o1-high-effort, Sonnet 3.5, GPT-4o, and more. o1 high effort is able to solve coding problems that only o1 pro can also solve, though pro can go further and has better formatting, o1 high effort is a nice option if you don't want to fork over $200/mo.",coding,0.417,satisfaction,0.336,comparative_evaluation,0.332,0,0.351,false,0.652,2,,,,,,,,,,,,,
13d048cd77984b979f3bbdb4536519f4,hacker_news,hacker_news,47312728,47375847,https://news.ycombinator.com/item?id=47375847,claude,anthropic,,,coding,satisfaction,comparative_evaluation,praise,1,0.65,False,False,False,False,False,"The nice thing about that approach is it works with existing languages today — Python, TypeScript, Go, etc. and plugs directly into Claude Code or Cursor as a pre-commit gate. The downside is it's catching issues after generation vs.",coding,0.754,task_fit,0.389,firsthand_usage,0.313,1,0.388,false,0.612,2,,,,,,,,,,,,,
1ec58a9da3824d7284700d2e2be4aca2,hacker_news,hacker_news,48225596,48228900,https://news.ycombinator.com/item?id=48228900,claude,anthropic,,,general,satisfaction,firsthand_usage,neutral,0,0.65,True,False,False,False,False,I reported this abuse but haven't (and don't expect to) received a response. I don't even get the point anyway. You can get Claude using an SMTP or IMAP server in seconds.,general,0.431,developer_ergonomics,0.347,firsthand_usage,0.391,-1,0.397,true,0.703,2,,,,,,,,,,,,,
1e46ec970b5d4ea8a5e21dac7b2ec987,hacker_news,hacker_news,47312728,47319723,https://news.ycombinator.com/item?id=47319723,claude,anthropic,,,coding,satisfaction,firsthand_usage,neutral,0,0.68,True,False,False,False,False,"I swear, if I see another Claude-generated ""programming language"", I'm going to barf.",coding,0.711,satisfaction,0.463,hearsay,0.623,-1,0.725,true,0.648,2,,,,,,,,,,,,,
0b357ca2d5744a87b4027b4a43b8dd7f,hacker_news,hacker_news,45013572,45060539,https://news.ycombinator.com/item?id=45060539,claude,anthropic,claude-code,,coding,satisfaction,firsthand_usage,neutral,0,0.68,True,False,False,False,False,we are trying to run execution locally using local claude code,coding,0.462,developer_ergonomics,0.479,firsthand_usage,0.401,0,0.315,true,0.679,2,,,,,,,,,,,,,
fa681ced6ee845f7bfe93f51d3c6e259,hacker_news,hacker_news,47979438,47981153,https://news.ycombinator.com/item?id=47981153,claude,anthropic,claude-code,,coding,satisfaction,firsthand_usage,neutral,0,0.68,True,False,False,False,False,"There is a claude code in the claude gui as well, i think everyone must be saying to use the tui.",coding,0.740,developer_ergonomics,0.534,firsthand_usage,0.372,0,0.613,true,0.524,2,,,,,,,,,,,,,
b3ccfb4a4c7244479a924865e2ad426a,hacker_news,hacker_news,42784373,42911074,https://news.ycombinator.com/item?id=42911074,claude,anthropic,chatgpt,,multimodal,satisfaction,firsthand_usage,neutral,0,0.68,True,False,False,False,False,"I’ve built a multi chat web app as well, atm offering 3 simultaneous chats: ChatGPT, Claude and Gemini My USP is that you can generate and share a n image of the chats, more for Premium users.",multimodal,0.349,satisfaction,0.343,integration_failure,0.297,0,0.578,true,0.727,2,,,,,,,,,,,,,
f4fd261752364f86aa1d718921971155,hacker_news,hacker_news,48399358,48402474,https://news.ycombinator.com/item?id=48402474,claude,anthropic,,,coding,satisfaction,firsthand_usage,neutral,0,0.68,True,False,False,False,False,I run Claude Code on my VPS and do /rc to run from my mobile. It’s really handy.,coding,0.843,developer_ergonomics,0.585,firsthand_usage,0.676,1,0.361,true,0.856,2,,,,,,,,,,,,,
4a96d903c2324624b79682ff73a50ffc,hacker_news,hacker_news,46673809,46678776,https://news.ycombinator.com/item?id=46678776,claude,anthropic,,,general,value,pricing_value_comment,neutral,0,0.68,True,False,False,False,True,I recommend you get Claude proper subscription.,general,0.473,value,0.521,pricing_value_comment,0.357,1,0.509,false,0.649,2,,,,,,,,,,,,,
75e4927623594f1080d5f52413b2821c,hacker_news,hacker_news,42784373,42911074,https://news.ycombinator.com/item?id=42911074,gemini,google,chatgpt,,multimodal,satisfaction,firsthand_usage,neutral,0,0.68,True,False,False,False,False,"I’ve built a multi chat web app as well, atm offering 3 simultaneous chats: ChatGPT, Claude and Gemini My USP is that you can generate and share a n image of the chats, more for Premium users.",multimodal,0.349,satisfaction,0.343,integration_failure,0.297,0,0.578,true,0.727,2,,,,,,,,,,,,,
820d99940ca8463c981762ffaa0422dc,hacker_news,hacker_news,47355410,47372104,https://news.ycombinator.com/item?id=47372104,kimi,moonshot,,,general,satisfaction,firsthand_usage,neutral,0,0.68,True,False,False,False,False,"Hey Jack, we use GB200s for these workloads. Feel free to check those big models out on our site! We are doing Kimi, GLM, Minimax, etc.",general,0.513,satisfaction,0.493,comparative_evaluation,0.400,1,0.432,true,0.613,2,,,,,,,,,,,,,
7d174db30fa6433791905cbfd9d9ca9c,hacker_news,hacker_news,48399358,48399358,https://boxes.dev,claude,anthropic,claude-code,,coding,satisfaction,release_update_reaction,praise,1,0.7000000000000001,False,False,False,False,False,"Show HN: Boxes.dev: ditch localhost; run Claude Code and Codex in the cloud. We’re obviously biased, but we’ve been building boxes.dev with boxes.dev for months and it’s honestly been a gamechanger. It’s hard to go back once you realize how much localhost has been limiting you; based on early feedback from beta testers, we’re increasingly sure that cloud is the future of agentic coding. We’d love for you to experience it yourselves!",coding,0.541,developer_ergonomics,0.420,firsthand_usage,0.329,1,0.519,false,0.548,2,,,,,,,,,,,,,
0d434698ea074415a9fb681363ebc5c9,hacker_news,hacker_news,47446247,47447110,https://news.ycombinator.com/item?id=47447110,claude,anthropic,,,agents,satisfaction,firsthand_usage,neutral,0,0.7100000000000001,True,False,False,False,False,"I feel the same. After February when we got our team access to claude I 100'xd my work, but felt what I'm now calling agent fatigue.",agents,0.753,task_fit,0.239,firsthand_usage,0.530,1,0.326,true,0.827,2,,,,,,,,,,,,,
b5b49ecc8f5b421c8f18d764639dcb3d,hacker_news,hacker_news,45013572,45013572,https://github.com/bkdevs/async-server,claude,anthropic,claude-code,,api_developer_workflow,developer_ergonomics,firsthand_usage,neutral,0,0.7600000000000001,True,False,False,False,False,"Claude Code's docs say to plan first, but it's not enforced and I can't force myself to do it. - Context switching hell. I started using Claude Code asynchronously - give it edit permissions, let it run, alt-tab to work on something else, then come back later to review.",agents,0.474,developer_ergonomics,0.394,firsthand_usage,0.600,1,0.445,true,0.871,2,,,,,,,,,,,,,
36f9bbc42a1b4dc3bfc33bb4b9de1a0f,hacker_news,hacker_news,45013572,45013572,https://github.com/bkdevs/async-server,gemini,google,,,agents,satisfaction,firsthand_usage,neutral,0,0.7600000000000001,True,False,False,False,False,"After you confirm requirements, it executes the task by breaking it down into subtasks and then working commit by commit. It uses a mix of Gemini and Claude Code internally and runs all changes in the background in the cloud. You've probably seen tools that do pieces of this, but I think it makes sense as one integrated workflow.",agents,0.575,developer_ergonomics,0.326,firsthand_usage,0.325,1,0.302,true,0.633,2,,,,,,,,,,,,,
d21711474f9a41a3b644a83f40e85f2a,hacker_news,hacker_news,42784373,42784373,https://polychat.co,gpt-4o,openai,,,api_developer_workflow,developer_ergonomics,integration_failure,neutral,0,0.7600000000000001,True,False,False,False,False,"Show HN: Chat with multiple LLMs: o1-high-effort, Sonnet 3.5, GPT-4o, and more. Or you can share it publicly to the OpenWeb UI community Finally we allow you to search and organize your chats into folders which makes finding things super fast! Infra: My custom backend that combines models and does things Open WebUI doesn't handle like token tracking is written in FastAPI and uses LiteLLM for easily accessing different model APIs. I host everything on GCP using Cloud Run for the backend and use PostGres for Open WebUI's db, along with BigQuery and Firestore for my FastAPI app's db.",api_developer_workflow,0.319,satisfaction,0.419,integration_failure,0.372,1,0.460,true,0.764,2,,,,,,,,,,,,,
0536093d1027453dafececf40f7c0428,hacker_news,hacker_news,48189073,48189073,https://news.ycombinator.com/item?id=48189073,claude,anthropic,,,agents,satisfaction,firsthand_usage,neutral,0,0.79,True,False,False,False,False,"I have tried some local models such as Kimi, however most are barely functional. I am very concerned as the expectation of amount of work done is to remain consistent. Ignoring the fact teams have made entire workflows around Claude I am very worried and frustrated.",agents,0.441,satisfaction,0.277,hearsay,0.279,-2,0.372,true,0.849,2,,,,,,,,,,,,,
8bcced46ec014713b15e100c8bd60313,hacker_news,hacker_news,48189073,48189073,https://news.ycombinator.com/item?id=48189073,kimi,moonshot,,,agents,satisfaction,firsthand_usage,neutral,0,0.79,True,False,False,False,False,"I have tried some local models such as Kimi, however most are barely functional. I am very concerned as the expectation of amount of work done is to remain consistent. Ignoring the fact teams have made entire workflows around Claude I am very worried and frustrated.",agents,0.441,satisfaction,0.277,hearsay,0.279,-2,0.372,true,0.849,2,,,,,,,,,,,,,
502f2a4f69c449b4be1d8ef3b43aebfe,hacker_news,hacker_news,48399358,48401773,https://news.ycombinator.com/item?id=48401773,claude,anthropic,,,agents,satisfaction,firsthand_usage,neutral,0,0.8,True,False,False,False,False,"There are Wiggums (which aren't relevant anymore with /goal) and ""FAFO swarms"" (fan-out, aggregate, filter, optimze) which I use to reverse engineer other pieces of software, PowWow for codex and claude to work together. I stole the structured views and remote session control from my friend's Agent Portal project txcl.io which is more fully-baked and narrower scope than propanes. The ticketing system / tmux / structured views has been slowly evolving into multi-agent chat with a primary ""Chief of Staff."" It integrated pretty nicely into Slack.",agents,0.872,task_fit,0.404,firsthand_usage,0.352,0,0.424,true,0.763,2,,,,,,,,,,,,,
2f03f6b4f7864b57a6af87b879e8a5e8,hacker_news,hacker_news,47890749,47890749,https://news.ycombinator.com/item?id=47890749,claude,anthropic,,,general,task_fit,firsthand_usage,neutral,0,0.8500000000000001,True,False,False,False,False,"I am a dev with 20+ years of experience and I am tasked with trying to help see how we can use this tool to help our company. I have only used Claude so my experience is limited to that. As you might guess, I find AI to be extremely good at some things and actively terrible at others.",data_analysis,0.474,task_fit,0.562,firsthand_usage,0.553,2,0.547,true,0.717,2,,,,,,,,,,,,,
fc7155be784641c89c6589156a0818ff,hacker_news,hacker_news,47367526,47373498,https://news.ycombinator.com/item?id=47373498,claude,anthropic,,,agents,satisfaction,pricing_value_comment,neutral,0,0.86,True,False,False,False,True,Probably because I'm not overly inspired to pay for a Claude x5 subscription and really hate the session restrictions (esp when weekly expend at the end of the week can't be utilized due to session restrictions) on a standard pro model. Most of my tasks are basically using superpowers and I find I get about 30-90m of usage per session before I run out of tokens (resets about every 4 hours after which I generally don't get back to until the next day (my weekly usage is about 50% so lots of wastage due to bad scheduling). A tool like this could add better afk like agent interoperability through batching etc as a one tool fits all like scenario.,agents,0.541,value,0.693,pricing_value_comment,0.668,0,0.629,true,0.634,2,,,,,,,,,,,,,
9e2354e92ffd4e4da0e798a43baf412d,hacker_news,hacker_news,47312728,47318115,https://news.ycombinator.com/item?id=47318115,claude,anthropic,,,general,satisfaction,hearsay,praise,1,0.53,False,False,False,False,False,"I think the AI labs need to be the ones to build AI-specific languages so they can include a huge corpus in the model training data-set, and then do RL on it producing useful and correct programs in that language. If anthropic makes ""claude-script"", it'll outmog this language with massive RL-maxing. I hope your cortisol is ready for that.",agents,0.434,satisfaction,0.386,hearsay,0.541,1,0.541,false,0.751,1,,,,,,,,,,,,,
3ba815911de34b26a67d2d6445d7af47,hacker_news,hacker_news,47979438,47980674,https://news.ycombinator.com/item?id=47980674,claude,anthropic,,,general,hallucination_safety,hearsay,neutral,0,0.56,False,False,True,False,False,I am resisting the urge to be very snarky. But how do you know that Claude's hallucinated horoscopes are any less accurate than traditional techniques?,general,0.529,hallucination_safety,0.841,hearsay,0.430,-1,0.711,false,0.568,1,,,,,,,,,,,,,
50fd20a2d6d941c0af2c7037a57d91f2,hacker_news,hacker_news,42784373,42784373,https://polychat.co,claude,anthropic,,,api_developer_workflow,value,pricing_value_comment,neutral,0,0.64,False,False,False,False,True,"It's free at first, then we offer subscription tiers starting at $5/mo which allots about ~1 million tokens per month, enough for most people. But unlike Claude's UI for example, we don't shut you down with rate limits, but rather let heavy users upgrade beyond to $10, $20, $40, $80, etc... We also suggest a plan based on how quickly you used your free tokens, so you have an idea upfront of the monthly cost before you buy.",api_developer_workflow,0.855,value,0.963,pricing_value_comment,0.974,0,0.512,false,0.783,1,,,,,,,,,,,,,
275c839e1c154d56915fb7c85c17db3e,hacker_news,hacker_news,48183301,48185164,https://news.ycombinator.com/item?id=48185164,grok,xai,,,general,satisfaction,firsthand_usage,neutral,0,0.68,True,False,False,False,False,"Grok and Roll appears to be stuck and speaks the following on repeat ad infinitum: ""Queues clear, let's dive into All Blues by Miles Davis to keep the jazz flowing. Queues clear, let's dive into All Blues by..."" Each time with a slightly different voice and inflection. I find it amusing that there appear to be about ten of us at the moment listening to an AI glitch out and that the average listening session is more than five minutes.",general,0.343,satisfaction,0.372,firsthand_usage,0.333,-2,0.388,true,0.686,1,,,,,,,,,,,,,
ea460f50c4404f79ac1d88d87c665d2c,hacker_news,hacker_news,47979438,47980674,https://news.ycombinator.com/item?id=47980674,claude,anthropic,,,general,hallucination_safety,firsthand_usage,neutral,0,0.74,True,False,True,False,False,I am resisting the urge to be very snarky. But how do you know that Claude's hallucinated horoscopes are any less accurate than traditional techniques? Have you A/B tested them?,general,0.623,hallucination_safety,0.822,firsthand_usage,0.323,-1,0.597,true,0.597,1,,,,,,,,,,,,,
17a618f7a1ba4bbbab617ed203ae9411,hacker_news,hacker_news,47891872,47897015,https://news.ycombinator.com/item?id=47897015,claude,anthropic,,,general,hallucination_safety,firsthand_usage,complaint,-1,0.68,True,False,True,False,False,Just today Claude admitted to me that it may have hallucinated a detail in a response when I asked about it.,research,0.271,hallucination_safety,0.877,firsthand_usage,0.506,-1,0.648,true,0.833,1,,,,,,,,,,,,,
76228fcc032b4f93a18d42a634e8fcf2,hacker_news,hacker_news,48166147,48172849,https://news.ycombinator.com/item?id=48172849,claude-opus-4.7,anthropic,,,general,satisfaction,firsthand_usage,complaint,-1,0.7100000000000001,True,False,False,False,False,"By default, I use Sonnet 4.6, and if Sonnet 4.6 fails, I use Opus 4.7.",coding,0.376,satisfaction,0.282,firsthand_usage,0.326,-1,0.344,true,0.790,1,,,,,,,,,,,,,
c395b234c6c449c19ad4a823936c59dd,hacker_news,hacker_news,48166147,48172849,https://news.ycombinator.com/item?id=48172849,claude-sonnet-4.6,anthropic,,,general,satisfaction,firsthand_usage,complaint,-1,0.7100000000000001,True,False,False,False,False,"By default, I use Sonnet 4.6, and if Sonnet 4.6 fails, I use Opus 4.7.",coding,0.376,satisfaction,0.282,firsthand_usage,0.326,-1,0.344,true,0.790,1,,,,,,,,,,,,,
